provider,curve,model,mode,trials,items,attempts,strict_pass1,strict_pass_pow_3_combo_mean,strict_pass_at_3_combo_mean,strict_pass_pow_3_first3,strict_pass_at_3_first3,strict_unstable_item_rate,strict_pairwise_disagreement,strict_trial_min,strict_trial_max,strict_trial_range,strict_trial_stdev,answer_pass1,answer_pass_pow_3_combo_mean,answer_pass_at_3_combo_mean,answer_pass_pow_3_first3,answer_pass_at_3_first3,answer_unstable_item_rate,answer_pairwise_disagreement,answer_trial_min,answer_trial_max,answer_trial_range,answer_trial_stdev,correct_pass1,correct_pass_pow_3_combo_mean,correct_pass_at_3_combo_mean,correct_unstable_item_rate,correct_pairwise_disagreement,provider_errors,timeouts,pass3_cost_usd,total_cost_usd,total_tokens,input_tokens,output_tokens,reasoning_tokens,reasoning_token_share,summary_dirs
OpenAI,GPT-5.5,openai/gpt-5.5,none,3,224,672,0.9568452381,0.9464285714,0.9642857143,0.9464285714,0.9642857143,0.0178571429,0.0119047619,0.9553571429,0.9598214286,0.0044642857,0.0021044845,0.9568452381,0.9464285714,0.9642857143,0.9464285714,0.9642857143,0.0178571429,0.0119047619,0.9553571429,0.9598214286,0.0044642857,0.0021044845,0.9568452381,0.9464285714,0.9642857143,0.0178571429,0.0119047619,1,0,0.27754,0.27754,33543,29150,4393,0,0,results/summaries/gpt-5-5-sonnet-4-6-pass3-8x28-20260606/runs/gpt-5-5-none-trial-01;results/summaries/gpt-5-5-sonnet-4-6-pass3-8x28-20260606/runs/gpt-5-5-none-trial-02;results/summaries/gpt-5-5-sonnet-4-6-pass3-8x28-20260606/runs/gpt-5-5-none-trial-03
OpenAI,GPT-5.5,openai/gpt-5.5,low,3,224,672,1,1,1,1,1,0,0,1,1,0,0,1,1,1,1,1,0,0,1,1,0,0,1,1,1,0,0,0,0,0.8757,0.8757,53520,29196,24324,18663,0.3487107623,results/summaries/gpt-5-5-sonnet-4-6-pass3-8x28-20260606/runs/gpt-5-5-low-trial-01;results/summaries/gpt-5-5-sonnet-4-6-pass3-8x28-20260606/runs/gpt-5-5-low-trial-02;results/summaries/gpt-5-5-sonnet-4-6-pass3-8x28-20260606/runs/gpt-5-5-low-trial-03
OpenAI,GPT-5.5,openai/gpt-5.5,medium,3,224,672,0.9970238095,0.9910714286,1,0.9910714286,1,0.0089285714,0.005952381,0.9955357143,1,0.0044642857,0.0021044845,0.9970238095,0.9910714286,1,0.9910714286,1,0.0089285714,0.005952381,0.9955357143,1,0.0044642857,0.0021044845,0.9970238095,0.9910714286,1,0.0089285714,0.005952381,1,0,1.013255,1.013255,58076,29161,28915,23185,0.3992182657,results/summaries/gpt-5-5-sonnet-4-6-pass3-8x28-20260606/runs/gpt-5-5-medium-trial-01;results/summaries/gpt-5-5-sonnet-4-6-pass3-8x28-20260606/runs/gpt-5-5-medium-trial-02;results/summaries/gpt-5-5-sonnet-4-6-pass3-8x28-20260606/runs/gpt-5-5-medium-trial-03
OpenAI,GPT-5.5,openai/gpt-5.5,high,3,224,672,0.9955357143,0.9866071429,1,0.9866071429,1,0.0133928571,0.0089285714,0.9910714286,1,0.0089285714,0.003645074,0.9955357143,0.9866071429,1,0.9866071429,1,0.0133928571,0.0089285714,0.9910714286,1,0.0089285714,0.003645074,0.9955357143,0.9866071429,1,0.0133928571,0.0089285714,0,0,1.26786,1.26786,66592,29196,37396,31659,0.4754174676,results/summaries/gpt-5-5-sonnet-4-6-pass3-8x28-20260606/runs/gpt-5-5-high-trial-01;results/summaries/gpt-5-5-sonnet-4-6-pass3-8x28-20260606/runs/gpt-5-5-high-trial-02;results/summaries/gpt-5-5-sonnet-4-6-pass3-8x28-20260606/runs/gpt-5-5-high-trial-03
OpenAI,GPT-5.5,openai/gpt-5.5,xhigh,3,224,672,0.9925595238,0.9866071429,0.9955357143,0.9866071429,0.9955357143,0.0089285714,0.005952381,0.9910714286,0.9955357143,0.0044642857,0.0021044845,0.9925595238,0.9866071429,0.9955357143,0.9866071429,0.9955357143,0.0089285714,0.005952381,0.9910714286,0.9955357143,0.0044642857,0.0021044845,0.9925595238,0.9866071429,0.9955357143,0.0089285714,0.005952381,2,0,1.57505,1.57505,76765,29116,47649,41924,0.546134306,results/summaries/gpt-5-5-sonnet-4-6-pass3-8x28-20260606/runs/gpt-5-5-xhigh-trial-01;results/summaries/gpt-5-5-sonnet-4-6-pass3-8x28-20260606/runs/gpt-5-5-xhigh-trial-02;results/summaries/gpt-5-5-sonnet-4-6-pass3-8x28-20260606/runs/gpt-5-5-xhigh-trial-03
Anthropic,Claude Sonnet 4.6,anthropic/claude-sonnet-4-6,low,3,224,672,0.8645833333,0.8392857143,0.8794642857,0.8392857143,0.8794642857,0.0401785714,0.0267857143,0.8571428571,0.8705357143,0.0133928571,0.0055679425,0.880952381,0.8705357143,0.8883928571,0.8705357143,0.8883928571,0.0178571429,0.0119047619,0.8794642857,0.8839285714,0.0044642857,0.0021044845,0.880952381,0.8705357143,0.8883928571,0.0178571429,0.0119047619,0,0,0.164118,0.164118,36722,32226,4496,156,0.0042481346,results/summaries/gpt-5-5-sonnet-4-6-pass3-8x28-20260606/runs/sonnet-4-6-low-trial-01;results/summaries/gpt-5-5-sonnet-4-6-pass3-8x28-20260606/runs/sonnet-4-6-low-trial-02;results/summaries/gpt-5-5-sonnet-4-6-pass3-8x28-20260606/runs/sonnet-4-6-low-trial-03
Anthropic,Claude Sonnet 4.6,anthropic/claude-sonnet-4-6,medium,3,224,672,0.9270833333,0.8928571429,0.9508928571,0.8928571429,0.9508928571,0.0580357143,0.0386904762,0.9241071429,0.9330357143,0.0089285714,0.0042089689,0.9508928571,0.9419642857,0.9642857143,0.9419642857,0.9642857143,0.0223214286,0.0148809524,0.9419642857,0.9598214286,0.0178571429,0.007290148,0.9508928571,0.9419642857,0.9642857143,0.0223214286,0.0148809524,0,0,0.225333,0.225333,40803,32226,8577,3867,0.0947724432,results/summaries/gpt-5-5-sonnet-4-6-pass3-8x28-20260606/runs/sonnet-4-6-medium-trial-01;results/summaries/gpt-5-5-sonnet-4-6-pass3-8x28-20260606/runs/sonnet-4-6-medium-trial-02;results/summaries/gpt-5-5-sonnet-4-6-pass3-8x28-20260606/runs/sonnet-4-6-medium-trial-03
Anthropic,Claude Sonnet 4.6,anthropic/claude-sonnet-4-6,high,3,224,672,0.8452380952,0.8035714286,0.875,0.8035714286,0.875,0.0714285714,0.0476190476,0.8303571429,0.8526785714,0.0223214286,0.0105224223,0.9806547619,0.9732142857,0.9866071429,0.9732142857,0.9866071429,0.0133928571,0.0089285714,0.9776785714,0.9821428571,0.0044642857,0.0021044845,0.9806547619,0.9732142857,0.9866071429,0.0133928571,0.0089285714,0,0,0.698043,0.698043,72317,32226,40091,31080,0.4297744652,results/summaries/gpt-5-5-sonnet-4-6-pass3-8x28-20260606/runs/sonnet-4-6-high-trial-01;results/summaries/gpt-5-5-sonnet-4-6-pass3-8x28-20260606/runs/sonnet-4-6-high-trial-02;results/summaries/gpt-5-5-sonnet-4-6-pass3-8x28-20260606/runs/sonnet-4-6-high-trial-03
Anthropic,Claude Sonnet 4.6,anthropic/claude-sonnet-4-6,max,3,224,672,0.8452380952,0.8392857143,0.8526785714,0.8392857143,0.8526785714,0.0133928571,0.0089285714,0.8392857143,0.8526785714,0.0133928571,0.0055679425,0.9910714286,0.9821428571,0.9955357143,0.9821428571,0.9955357143,0.0133928571,0.0089285714,0.9910714286,0.9910714286,0,0,0.9910714286,0.9821428571,0.9955357143,0.0133928571,0.0089285714,0,0,0.956943,0.956943,89577,32226,57351,47203,0.5269544638,results/summaries/gpt-5-5-sonnet-4-6-pass3-8x28-20260606/runs/sonnet-4-6-max-trial-01;results/summaries/gpt-5-5-sonnet-4-6-pass3-8x28-20260606/runs/sonnet-4-6-max-trial-02;results/summaries/gpt-5-5-sonnet-4-6-pass3-8x28-20260606/runs/sonnet-4-6-max-trial-03
